,aa_surface,pymol sele
0,1.0,sele resid 1+116+313+115+316+56+558+55+58+2
1,2.0,sele resid 2+116+313+115+316+52+558+55+54+58+4+3
2,3.0,sele resid 3+313+115+316+558+56+55+553
3,4.0,sele resid 4+313+115+630+558+55+5
4,5.0,sele resid 5+313+314+571+630+317+558+55
5,7.0,sele resid 7+313+556+314+233+54+51+6
6,8.0,sele resid 8+556+314+48+233+51
7,9.0,sele resid 9+46+556+48+233+51+232+527
8,10.0,sele resid 10+116+313+556+314+48+52+51+7
9,11.0,sele resid 11+116+556+543+48+52+51+15+10
10,12.0,sele resid 12+116+313+556+543+48+52+53+6+13
11,14.0,sele resid 14+116+556+543+44+49+50+28
12,17.0,sele resid 17+116+46+45+44+72+71+26+25
13,19.0,sele resid 19+116+509+552+581+72+73+25+20+18
14,21.0,sele resid 21+509+116+117+251+92+95
15,22.0,sele resid 22+509+116+117+552+251+73+23
16,24.0,sele resid 24+509+116+46+552+75+72+73+78+25
17,32.0,sele resid 32+116+313+115+53+42+67+65
18,33.0,sele resid 33+116+313+115+316+53+42+57+61+32
19,34.0,sele resid 34+116+313+115+53+42+67+65+32+33
20,35.0,sele resid 35+116+115+53+42+65+66+64+36
21,36.0,sele resid 36+116+115+53+42+40+66+38+65
22,54.0,sele resid 54+116+313+556+115+571+48+52+53
23,55.0,sele resid 55+313+115+316+558
24,58.0,sele resid 58+116+313+115+316+53+56+57
25,62.0,sele resid 62+116+313+115+316+53+56+60+59
26,63.0,sele resid 63+116+313+115+316+53+60
27,64.0,sele resid 64+116+313+115+53+60+65
28,77.0,sele resid 77+46+45+75+76
29,79.0,sele resid 79+509+46+552+75+73+74
30,80.0,sele resid 80+509+252+46+247+74
31,82.0,sele resid 82+509+252+251+248+250+81
32,83.0,sele resid 83+509+252+117+251+250+84
33,84.0,sele resid 84+509+252+117+251+250
34,85.0,sele resid 85+509+117+251+522+254+84
35,86.0,sele resid 86+509+117+251+87
36,88.0,sele resid 88+509+117+522+563+87
37,90.0,sele resid 90+117+89
38,94.0,sele resid 94+117+121+93+92
39,101.0,sele resid 101+116+117+118+43+96+100
40,102.0,sele resid 102+116+117+118+44+43+96+99+100
41,104.0,sele resid 104+116+117+115+118+43+41
42,106.0,sele resid 106+116+117+118+121+96+97+101
43,107.0,sele resid 107+116+117+118+119+122+112+132+541+108
44,109.0,sele resid 109+116+117+119+118+122+112+110+132
45,128.0,sele resid 128+120+121+124
46,130.0,sele resid 130+116+120+119+123+122+126
47,131.0,sele resid 131+116+120+119+122+121+123+126+125+129+130+132
48,146.0,sele resid 146+520+144+145
49,147.0,sele resid 147+520
50,148.0,sele resid 148+520+147
51,149.0,sele resid 149+520+568
52,151.0,sele resid 151+520+167+168+255
53,152.0,sele resid 152+520+167+168+153
54,154.0,sele resid 154+520+167+168+165+153
55,155.0,sele resid 155+520+167+165+153+156+154
56,157.0,sele resid 157+520+167+165+166+162
57,158.0,sele resid 158+520+167+165+166+157
58,159.0,sele resid 159+520+167+165+162+161+157+156+160
59,160.0,sele resid 160+520+164+165+162+163+161
60,161.0,sele resid 161+520+165+162+163
61,172.0,sele resid 172+167+509+252+171
62,174.0,sele resid 174+167+509+171+170+524+173
63,175.0,sele resid 175+167+171+176
64,178.0,sele resid 178+171+176+177
65,179.0,sele resid 179+46+176+180
66,182.0,sele resid 182+46+189+186
67,183.0,sele resid 183+46+47+189+186
68,184.0,sele resid 184+193+189+186+185+187
69,187.0,sele resid 187+193+190+189+186
70,188.0,sele resid 188+193+189
71,191.0,sele resid 191+193+194+190+192
72,195.0,sele resid 195
73,196.0,sele resid 196+193+195
74,197.0,sele resid 197+557+196
75,199.0,sele resid 199+557+202+197+198
76,200.0,sele resid 200+203+202+201
77,202.0,sele resid 202+205+203
78,203.0,sele resid 203+205
79,204.0,sele resid 204+205
80,206.0,sele resid 206+205+207
81,207.0,sele resid 207
82,208.0,sele resid 208+167+207
83,209.0,sele resid 209+167+206+210
84,210.0,sele resid 210+205
85,213.0,sele resid 213+205+211+212
86,214.0,sele resid 214+205+211+212+204+213+215
87,217.0,sele resid 217+193+192+216
88,218.0,sele resid 218+205+192+219+215
89,220.0,sele resid 220+193+192+191+196
90,221.0,sele resid 221+193+194+195+191+222
91,222.0,sele resid 222+193+194+195
92,223.0,sele resid 223+314+194+224
93,226.0,sele resid 226+314+194+225
94,227.0,sele resid 227+314+194+225+226
95,228.0,sele resid 228+314+194+225+230+229
96,231.0,sele resid 231+47+194+233+230
97,235.0,sele resid 235+46+47+190+233+234+236
98,238.0,sele resid 238+46+47+237
99,239.0,sele resid 239+46+47+237+580+240
100,240.0,sele resid 240+509+46+248+530
101,241.0,sele resid 241+509+46+248+244+240
102,242.0,sele resid 242+509+46+245+244+243
103,243.0,sele resid 243+509+46+245+545+244
104,257.0,sele resid 257+509+117+602+598+254+258
105,258.0,sele resid 258+509+117+598+666
106,260.0,sele resid 260+117+598+666+258+259
107,261.0,sele resid 261+117+666+258
108,262.0,sele resid 262+666+526
109,264.0,sele resid 264+666+526+510+262+263
110,265.0,sele resid 265+144+526+262
111,266.0,sele resid 266+520+144+262+146+147
112,268.0,sele resid 268+144+526+262+266+265+264+269
113,269.0,sele resid 269+144+124+146+127+265
114,270.0,sele resid 270+521+144+596+124+127
115,272.0,sele resid 272+521+124+143
116,273.0,sele resid 273+141+142+521+143+274
117,275.0,sele resid 275+141+123+274
118,284.0,sele resid 284+286+283
119,285.0,sele resid 285+288+286+287
120,287.0,sele resid 287+288
121,292.0,sele resid 292+520+289+288+290+293
122,295.0,sele resid 295+289+520+293+294
123,298.0,sele resid 298+289+142+297
124,299.0,sele resid 299+289+142+297
125,302.0,sele resid 302+289+141+142+297+301
126,303.0,sele resid 303+289+141+142+304
127,305.0,sele resid 305+289+140+141+280
128,310.0,sele resid 310+313+286+283+311
129,319.0,sele resid 319+313+314+315
130,321.0,sele resid 321+313+315+316+319+320
131,322.0,sele resid 322+313+140+315+323
132,325.0,sele resid 325+313+140+139+323+322+326+324
133,329.0,sele resid 329+313+140+139+281+326+327+330
134,332.0,sele resid 332+313+139+327+331+330
135,333.0,sele resid 333+140+139+138+279+330+334
136,334.0,sele resid 334+141+139+138+137+330
137,335.0,sele resid 335+116+139+114+138+137+330+334
138,336.0,sele resid 336+139+138+137+330+334+331+335
